{
  "subject": "S11",
  "theta_gt": 10,
  "theta_candidate": 6,
  "result": {
    "final_loss": 0.030330931767821312,
    "initial_loss": 0.030598048120737076,
    "mse": 0.0018083619652315974,
    "mae": 0.030157718807458878,
    "delta_x": 0.0005542125927711337,
    "_debug": {
      "process_id": 14628,
      "model_load_time": 0.030770540237426758,
      "sgd_time": 810.2820310592651,
      "total_time": 810.3344352245331
    }
  }
}