{
  "subject": "S11",
  "theta_gt": 10,
  "theta_candidate": 10,
  "result": {
    "final_loss": 0.029056450352072716,
    "initial_loss": 0.029299089685082436,
    "mse": 0.0016267034225165844,
    "mae": 0.02888348326086998,
    "delta_x": 0.0005662264340627524,
    "_debug": {
      "process_id": 14628,
      "model_load_time": 0.0022907257080078125,
      "sgd_time": 979.4481017589569,
      "total_time": 979.4543657302856
    }
  }
}