{
  "subject": "S11",
  "theta_gt": 10,
  "theta_candidate": 13,
  "result": {
    "final_loss": 0.028663089498877525,
    "initial_loss": 0.028894180431962013,
    "mse": 0.0015905497130006552,
    "mae": 0.028489574790000916,
    "delta_x": 0.0006463392963589669,
    "_debug": {
      "process_id": 6972,
      "model_load_time": 0.001714944839477539,
      "sgd_time": 924.6897222995758,
      "total_time": 924.6936986446381
    }
  }
}