{
  "subject": "S11",
  "theta_gt": 10,
  "theta_candidate": 11,
  "result": {
    "final_loss": 0.02877385914325714,
    "initial_loss": 0.02901279553771019,
    "mse": 0.001599609269760549,
    "mae": 0.028601182624697685,
    "delta_x": 0.0005684995298673172,
    "_debug": {
      "process_id": 19204,
      "model_load_time": 0.0027556419372558594,
      "sgd_time": 979.8954162597656,
      "total_time": 979.9019544124603
    }
  }
}