{
  "subject": "S11",
  "theta_gt": 10,
  "theta_candidate": 8,
  "result": {
    "final_loss": 0.029458411037921906,
    "initial_loss": 0.029714055359363556,
    "mse": 0.0016846016515046358,
    "mae": 0.02928544022142887,
    "delta_x": 0.0005424516233723584,
    "_debug": {
      "process_id": 11172,
      "model_load_time": 0.0022652149200439453,
      "sgd_time": 976.4980425834656,
      "total_time": 976.5055298805237
    }
  }
}