{
  "subject": "S11",
  "theta_gt": 10,
  "theta_candidate": 5,
  "result": {
    "final_loss": 0.030858805403113365,
    "initial_loss": 0.03113812394440174,
    "mse": 0.0018842307617887855,
    "mae": 0.03068501688539982,
    "delta_x": 0.0005590805317358306,
    "_debug": {
      "process_id": 11172,
      "model_load_time": 0.0044460296630859375,
      "sgd_time": 806.6899418830872,
      "total_time": 806.7092041969299
    }
  }
}