{
  "subject": "S11",
  "theta_gt": 10,
  "theta_candidate": 15,
  "result": {
    "final_loss": 0.028631726279854774,
    "initial_loss": 0.028853440657258034,
    "mse": 0.0015780639369040728,
    "mae": 0.028459137305617332,
    "delta_x": 0.0005626296443591565,
    "_debug": {
      "process_id": 19204,
      "model_load_time": 0.0017390251159667969,
      "sgd_time": 921.8929698467255,
      "total_time": 921.8969128131866
    }
  }
}