{
  "subject": "S11",
  "theta_gt": 10,
  "theta_candidate": 14,
  "result": {
    "final_loss": 0.02867639623582363,
    "initial_loss": 0.028902940452098846,
    "mse": 0.0015888186171650887,
    "mae": 0.028502944856882095,
    "delta_x": 0.0006212201039379055,
    "_debug": {
      "process_id": 14628,
      "model_load_time": 0.001547098159790039,
      "sgd_time": 924.6114330291748,
      "total_time": 924.6151959896088
    }
  }
}