{
  "subject": "S11",
  "theta_gt": 10,
  "theta_candidate": 4,
  "result": {
    "final_loss": 0.03144785761833191,
    "initial_loss": 0.03173666074872017,
    "mse": 0.001971957040950656,
    "mae": 0.03127571940422058,
    "delta_x": 0.0005718278589522437,
    "_debug": {
      "process_id": 19204,
      "model_load_time": 0.005689144134521484,
      "sgd_time": 811.3985795974731,
      "total_time": 811.4270980358124
    }
  }
}