{
  "subject": "S11",
  "theta_gt": 10,
  "theta_candidate": 9,
  "result": {
    "final_loss": 0.029078146442770958,
    "initial_loss": 0.029323847964406013,
    "mse": 0.0016416773432865739,
    "mae": 0.028904704377055168,
    "delta_x": 0.0006091452734793892,
    "_debug": {
      "process_id": 6972,
      "model_load_time": 0.0021605491638183594,
      "sgd_time": 979.1186065673828,
      "total_time": 979.1257891654968
    }
  }
}