{
  "subject": "S11",
  "theta_gt": 10,
  "theta_candidate": 12,
  "result": {
    "final_loss": 0.02874017506837845,
    "initial_loss": 0.028974659740924835,
    "mse": 0.0016007128870114684,
    "mae": 0.02856655791401863,
    "delta_x": 0.0006592618603014693,
    "_debug": {
      "process_id": 11172,
      "model_load_time": 0.0025322437286376953,
      "sgd_time": 919.9892425537109,
      "total_time": 919.9953682422638
    }
  }
}