{
  "subject": "S11",
  "theta_gt": 10,
  "theta_candidate": 7,
  "result": {
    "final_loss": 0.029835831373929977,
    "initial_loss": 0.030097275972366333,
    "mse": 0.0017371823778375983,
    "mae": 0.029661890119314194,
    "delta_x": 0.0006201293835599287,
    "_debug": {
      "process_id": 6972,
      "model_load_time": 0.0076792240142822266,
      "sgd_time": 809.671713590622,
      "total_time": 809.7051057815552
    }
  }
}