{
  "theta_candidates": [
    4,
    5,
    6,
    7,
    8,
    9,
    10,
    11,
    12,
    13,
    14,
    15,
    16,
    17,
    18,
    19,
    20,
    21,
    22,
    23,
    24,
    25,
    26,
    27,
    28,
    29,
    30
  ],
  "results": {
    "15": {
      "final_loss": 0.002522456692531705,
      "initial_loss": 0.0025845407508313656,
      "mse": 0.002299297833815217,
      "mae": 0.03672804683446884,
      "delta_x": 0.0011533416940290586
    },
    "23": {
      "final_loss": 0.0025671457406133413,
      "initial_loss": 0.002624856075271964,
      "mse": 0.0023441698867827654,
      "mae": 0.03727760910987854,
      "delta_x": 0.0011533678076287217
    },
    "17": {
      "final_loss": 0.002530045574530959,
      "initial_loss": 0.0025914448779076338,
      "mse": 0.0023069565650075674,
      "mae": 0.03683449700474739,
      "delta_x": 0.001153350999966393
    },
    "18": {
      "final_loss": 0.0025289126206189394,
      "initial_loss": 0.0025896625593304634,
      "mse": 0.002305759582668543,
      "mae": 0.03681180253624916,
      "delta_x": 0.0011532361001278756
    },
    "12": {
      "final_loss": 0.0025644300039857626,
      "initial_loss": 0.002633692231029272,
      "mse": 0.002341008745133877,
      "mae": 0.03694789856672287,
      "delta_x": 0.0011534035120413517
    },
    "4": {
      "final_loss": 0.0037305790465325117,
      "initial_loss": 0.003826756263151765,
      "mse": 0.0035072150640189648,
      "mae": 0.043859682977199554,
      "delta_x": 0.0011535500330750977
    },
    "9": {
      "final_loss": 0.0027421098202466965,
      "initial_loss": 0.0028130721766501665,
      "mse": 0.002518666908144951,
      "mae": 0.03802609443664551,
      "delta_x": 0.001153407690217298
    },
    "26": {
      "final_loss": 0.002577827777713537,
      "initial_loss": 0.002635199809446931,
      "mse": 0.002354842610657215,
      "mae": 0.037421129643917084,
      "delta_x": 0.0011534009481606576
    },
    "20": {
      "final_loss": 0.002537964377552271,
      "initial_loss": 0.0025970630813390017,
      "mse": 0.0023148045875132084,
      "mae": 0.03691159933805466,
      "delta_x": 0.0011535202160922096
    },
    "24": {
      "final_loss": 0.002576956059783697,
      "initial_loss": 0.0026344701182097197,
      "mse": 0.002353996504098177,
      "mae": 0.03740222752094269,
      "delta_x": 0.0011532991526012437
    },
    "10": {
      "final_loss": 0.002657209523022175,
      "initial_loss": 0.0027284189127385616,
      "mse": 0.0024337940849363804,
      "mae": 0.03744594007730484,
      "delta_x": 0.0011534646653438355
    },
    "19": {
      "final_loss": 0.0025317261461168528,
      "initial_loss": 0.0025916430167853832,
      "mse": 0.0023086529690772295,
      "mae": 0.03690105676651001,
      "delta_x": 0.0011535326556615037
    },
    "28": {
      "final_loss": 0.0025787940248847008,
      "initial_loss": 0.0026367702521383762,
      "mse": 0.002355756238102913,
      "mae": 0.037397775799036026,
      "delta_x": 0.0011534753956593334
    },
    "7": {
      "final_loss": 0.00305239949375391,
      "initial_loss": 0.003130811033770442,
      "mse": 0.002828974276781082,
      "mae": 0.03998231142759323,
      "delta_x": 0.001153612325880112
    },
    "27": {
      "final_loss": 0.0025754906237125397,
      "initial_loss": 0.0026333194691687822,
      "mse": 0.0023524807766079903,
      "mae": 0.03736058622598648,
      "delta_x": 0.0011532838642756228
    },
    "8": {
      "final_loss": 0.0028866343200206757,
      "initial_loss": 0.002961154794320464,
      "mse": 0.0026632086373865604,
      "mae": 0.03886726498603821,
      "delta_x": 0.0011534948621609003
    },
    "25": {
      "final_loss": 0.0025783218443393707,
      "initial_loss": 0.0026357381138950586,
      "mse": 0.0023554034996777773,
      "mae": 0.03742143511772156,
      "delta_x": 0.001153519931216577
    },
    "16": {
      "final_loss": 0.002518940484151244,
      "initial_loss": 0.002580211963504553,
      "mse": 0.002295791869983077,
      "mae": 0.03671250492334366,
      "delta_x": 0.0011534465282618876
    },
    "6": {
      "final_loss": 0.003262481652200222,
      "initial_loss": 0.0033461807761341333,
      "mse": 0.003039026167243719,
      "mae": 0.041183970868587494,
      "delta_x": 0.0011535898207051297
    },
    "11": {
      "final_loss": 0.0025942211505025625,
      "initial_loss": 0.002666076412424445,
      "mse": 0.002370726317167282,
      "mae": 0.037031278014183044,
      "delta_x": 0.0011535670306545146
    },
    "14": {
      "final_loss": 0.002521362155675888,
      "initial_loss": 0.002584140980616212,
      "mse": 0.002298113191500306,
      "mae": 0.03667324781417847,
      "delta_x": 0.0011533140610926879
    },
    "29": {
      "final_loss": 0.0025803782045841217,
      "initial_loss": 0.002637704135850072,
      "mse": 0.002357403514906764,
      "mae": 0.03739914298057556,
      "delta_x": 0.0011533678076287217
    },
    "13": {
      "final_loss": 0.002528525423258543,
      "initial_loss": 0.002593223238363862,
      "mse": 0.0023051889147609472,
      "mae": 0.03673110902309418,
      "delta_x": 0.0011533222275274914
    },
    "22": {
      "final_loss": 0.002558424137532711,
      "initial_loss": 0.0026161777786910534,
      "mse": 0.0023353800643235445,
      "mae": 0.03717014938592911,
      "delta_x": 0.0011532635431471577
    },
    "30": {
      "final_loss": 0.0025794911198318005,
      "initial_loss": 0.002636177698150277,
      "mse": 0.002356484765186906,
      "mae": 0.03738301247358322,
      "delta_x": 0.0011532989626841553
    },
    "5": {
      "final_loss": 0.0035034045577049255,
      "initial_loss": 0.0035934464540332556,
      "mse": 0.0032799881882965565,
      "mae": 0.042606987059116364,
      "delta_x": 0.0011535288573197345
    },
    "21": {
      "final_loss": 0.0025495304726064205,
      "initial_loss": 0.002607964212074876,
      "mse": 0.0023265124764293432,
      "mae": 0.03705703467130661,
      "delta_x": 0.0011534509913134665
    }
  },
  "theta_gt": 10.0
}