{
  "theta_candidates": [
    5,
    7,
    8,
    9,
    10,
    11,
    12,
    13,
    15,
    17,
    18,
    19,
    20,
    21,
    22,
    23,
    25,
    27,
    29
  ],
  "results": {
    "5": {
      "final_loss": 0.002845805138349533,
      "initial_loss": 0.0029211041983217,
      "mse": 0.0026503014378249645,
      "mae": 0.036369770765304565,
      "delta_x": 0.0011544581019351135
    },
    "7": {
      "final_loss": 0.0026345669757574797,
      "initial_loss": 0.002704982878640294,
      "mse": 0.002438911935314536,
      "mae": 0.03488517180085182,
      "delta_x": 0.0011544761609548918
    },
    "8": {
      "final_loss": 0.0025777406990528107,
      "initial_loss": 0.002646113047376275,
      "mse": 0.002382058184593916,
      "mae": 0.03437608852982521,
      "delta_x": 0.0011544759708599468
    },
    "9": {
      "final_loss": 0.0025450713001191616,
      "initial_loss": 0.0026119383983314037,
      "mse": 0.0023493911139667034,
      "mae": 0.03405437245965004,
      "delta_x": 0.0011546477216427848
    },
    "10": {
      "final_loss": 0.0025399173609912395,
      "initial_loss": 0.002605858026072383,
      "mse": 0.0023442646488547325,
      "mae": 0.03395772725343704,
      "delta_x": 0.0011544477417606092
    },
    "11": {
      "final_loss": 0.002543559530749917,
      "initial_loss": 0.0026083020493388176,
      "mse": 0.002347903558984399,
      "mae": 0.034001659601926804,
      "delta_x": 0.001154685265394429
    },
    "12": {
      "final_loss": 0.002558575477451086,
      "initial_loss": 0.002622557571157813,
      "mse": 0.002362934174016118,
      "mae": 0.03415829688310623,
      "delta_x": 0.001154542599138181
    },
    "13": {
      "final_loss": 0.0025709301698952913,
      "initial_loss": 0.002634023316204548,
      "mse": 0.002375309821218252,
      "mae": 0.03426733985543251,
      "delta_x": 0.0011545739648041117
    },
    "15": {
      "final_loss": 0.0026109127793461084,
      "initial_loss": 0.0026728122029453516,
      "mse": 0.002415320137515664,
      "mae": 0.03460286185145378,
      "delta_x": 0.0011545015386300538
    },
    "17": {
      "final_loss": 0.00264363014139235,
      "initial_loss": 0.002704140031710267,
      "mse": 0.002448087092489004,
      "mae": 0.03487813100218773,
      "delta_x": 0.0011546634995232227
    },
    "18": {
      "final_loss": 0.002659347839653492,
      "initial_loss": 0.002720026532188058,
      "mse": 0.0024638038594275713,
      "mae": 0.03503713011741638,
      "delta_x": 0.0011543944201285272
    },
    "19": {
      "final_loss": 0.0026727672666311264,
      "initial_loss": 0.0027334154583513737,
      "mse": 0.0024772377219051123,
      "mae": 0.03514475375413895,
      "delta_x": 0.0011548544498955092
    },
    "20": {
      "final_loss": 0.0026890593580901623,
      "initial_loss": 0.0027495436370372772,
      "mse": 0.002493548672646284,
      "mae": 0.035332463681697845,
      "delta_x": 0.0011545160808933488
    },
    "21": {
      "final_loss": 0.002703145146369934,
      "initial_loss": 0.0027630396652966738,
      "mse": 0.002507624914869666,
      "mae": 0.03547174111008644,
      "delta_x": 0.0011545660758638927
    },
    "22": {
      "final_loss": 0.0027172621339559555,
      "initial_loss": 0.0027764642145484686,
      "mse": 0.0025217700749635696,
      "mae": 0.035621579736471176,
      "delta_x": 0.001154461333549179
    },
    "23": {
      "final_loss": 0.0027247294783592224,
      "initial_loss": 0.0027833411004394293,
      "mse": 0.002529238350689411,
      "mae": 0.03576138615608215,
      "delta_x": 0.0011545856556432314
    },
    "25": {
      "final_loss": 0.0027438290417194366,
      "initial_loss": 0.0028014888521283865,
      "mse": 0.0025483528152108192,
      "mae": 0.03602974861860275,
      "delta_x": 0.0011544907982656593
    },
    "27": {
      "final_loss": 0.0027631865814328194,
      "initial_loss": 0.0028204231057316065,
      "mse": 0.002567714313045144,
      "mae": 0.03628271445631981,
      "delta_x": 0.001154474735242804
    },
    "29": {
      "final_loss": 0.0027823960408568382,
      "initial_loss": 0.002839570865035057,
      "mse": 0.0025869684759527445,
      "mae": 0.03651288524270058,
      "delta_x": 0.0011545369913373027
    }
  }
}