{
  "theta_candidates": [
    4,
    6,
    8,
    10,
    12,
    14,
    16,
    18
  ],
  "results": {
    "4": {
      "final_loss": 0.0034487268421798944,
      "initial_loss": 0.003540812758728862,
      "mse": 0.0032272960525006056,
      "mae": 0.04078061133623123,
      "delta_x": 0.0011536757605362118
    },
    "6": {
      "final_loss": 0.003030966967344284,
      "initial_loss": 0.003112408798187971,
      "mse": 0.0028093992732465267,
      "mae": 0.038153134286403656,
      "delta_x": 0.0011536031133929157
    },
    "8": {
      "final_loss": 0.002650967799127102,
      "initial_loss": 0.0027222135104238987,
      "mse": 0.002429443411529064,
      "mae": 0.035581767559051514,
      "delta_x": 0.001153666264177611
    },
    "10": {
      "final_loss": 0.0024169967509806156,
      "initial_loss": 0.0024834538344293833,
      "mse": 0.002195468870922923,
      "mae": 0.033901918679475784,
      "delta_x": 0.0011534097675318042
    },
    "12": {
      "final_loss": 0.002301520900800824,
      "initial_loss": 0.0023640147410333157,
      "mse": 0.0020800528582185507,
      "mae": 0.03311958163976669,
      "delta_x": 0.0011533692180805788
    },
    "14": {
      "final_loss": 0.0022689050529152155,
      "initial_loss": 0.002329661976546049,
      "mse": 0.002047506859526038,
      "mae": 0.03287825733423233,
      "delta_x": 0.001153542241734285
    },
    "16": {
      "final_loss": 0.0022680896800011396,
      "initial_loss": 0.0023282323963940144,
      "mse": 0.002046746201813221,
      "mae": 0.032921202480793,
      "delta_x": 0.0011533148989093824
    },
    "18": {
      "final_loss": 0.00226999307051301,
      "initial_loss": 0.0023280775640159845,
      "mse": 0.0020486656576395035,
      "mae": 0.03296910971403122,
      "delta_x": 0.0011534464234760032
    }
  }
}