{
  "theta_candidates": [
    5,
    7,
    9,
    11,
    13,
    14,
    15,
    16,
    17,
    19,
    21,
    23,
    25
  ],
  "results": {
    "5": {
      "final_loss": 0.0033010642509907484,
      "initial_loss": 0.0033568418584764004,
      "mse": 0.0031053645070642233,
      "mae": 0.03980206698179245,
      "delta_x": 0.0007282040984506028
    },
    "7": {
      "final_loss": 0.0030496548861265182,
      "initial_loss": 0.0031019048765301704,
      "mse": 0.002853892045095563,
      "mae": 0.03821627423167229,
      "delta_x": 0.000728255535909468
    },
    "9": {
      "final_loss": 0.0028419182635843754,
      "initial_loss": 0.0028914439026266336,
      "mse": 0.0026460846420377493,
      "mae": 0.03683382645249367,
      "delta_x": 0.0007282374709978517
    },
    "11": {
      "final_loss": 0.0027258149348199368,
      "initial_loss": 0.0027745109982788563,
      "mse": 0.0025299331173300743,
      "mae": 0.03599586710333824,
      "delta_x": 0.0007281916431694358
    },
    "13": {
      "final_loss": 0.0026795524172484875,
      "initial_loss": 0.0027269511483609676,
      "mse": 0.0024836836382746696,
      "mae": 0.03565722703933716,
      "delta_x": 0.0007281035054164449
    },
    "14": {
      "final_loss": 0.002664883155375719,
      "initial_loss": 0.002711681881919503,
      "mse": 0.002469013910740614,
      "mae": 0.03559775650501251,
      "delta_x": 0.000728267515798224
    },
    "15": {
      "final_loss": 0.002669193083420396,
      "initial_loss": 0.0027160251047462225,
      "mse": 0.0024733401369303465,
      "mae": 0.03565485402941704,
      "delta_x": 0.0007281136312747983
    },
    "16": {
      "final_loss": 0.002670517424121499,
      "initial_loss": 0.0027171389665454626,
      "mse": 0.002474648179486394,
      "mae": 0.035698212683200836,
      "delta_x": 0.0007281833238022441
    },
    "17": {
      "final_loss": 0.00267433887347579,
      "initial_loss": 0.002720792545005679,
      "mse": 0.002478486392647028,
      "mae": 0.035750240087509155,
      "delta_x": 0.0007282352366535203
    },
    "19": {
      "final_loss": 0.002673412673175335,
      "initial_loss": 0.0027191645931452513,
      "mse": 0.002477571601048112,
      "mae": 0.03584866598248482,
      "delta_x": 0.0007283095880265934
    },
    "21": {
      "final_loss": 0.002662715269252658,
      "initial_loss": 0.002707993844524026,
      "mse": 0.0024668662808835506,
      "mae": 0.035776905715465546,
      "delta_x": 0.0007283222810039659
    },
    "23": {
      "final_loss": 0.0026614563539624214,
      "initial_loss": 0.002706116298213601,
      "mse": 0.002465654630213976,
      "mae": 0.035767342895269394,
      "delta_x": 0.0007281509971182993
    },
    "25": {
      "final_loss": 0.0026596952229738235,
      "initial_loss": 0.002703821286559105,
      "mse": 0.0024638765025883913,
      "mae": 0.03571441397070885,
      "delta_x": 0.0007281482873815568
    }
  }
}