{
  "theta_candidates": [
    5,
    7,
    9,
    11,
    13,
    15,
    17,
    18,
    19,
    20,
    21,
    22,
    23,
    25,
    27,
    29
  ],
  "results": {
    "5": {
      "final_loss": 0.0031615612097084522,
      "initial_loss": 0.0032442177180200815,
      "mse": 0.0029669986106455326,
      "mae": 0.03947063162922859,
      "delta_x": 0.0011545402459345923
    },
    "7": {
      "final_loss": 0.002948326990008354,
      "initial_loss": 0.0030258274637162685,
      "mse": 0.0027536351699382067,
      "mae": 0.0381750613451004,
      "delta_x": 0.0011544575501181993
    },
    "9": {
      "final_loss": 0.0028153881430625916,
      "initial_loss": 0.002889081370085478,
      "mse": 0.0026206690818071365,
      "mae": 0.037229105830192566,
      "delta_x": 0.0011546016499545807
    },
    "11": {
      "final_loss": 0.002729007275775075,
      "initial_loss": 0.0028005370404571295,
      "mse": 0.0025342691224068403,
      "mae": 0.03663444519042969,
      "delta_x": 0.0011546080184829696
    },
    "13": {
      "final_loss": 0.0026631352957338095,
      "initial_loss": 0.0027341509703546762,
      "mse": 0.002468360122293234,
      "mae": 0.03615417703986168,
      "delta_x": 0.001154646990074603
    },
    "15": {
      "final_loss": 0.002602452877908945,
      "initial_loss": 0.0026717607397586107,
      "mse": 0.002407640218734741,
      "mae": 0.03562067076563835,
      "delta_x": 0.0011545793125788883
    },
    "17": {
      "final_loss": 0.0025614385958760977,
      "initial_loss": 0.0026295986026525497,
      "mse": 0.0023666375782340765,
      "mae": 0.03527349978685379,
      "delta_x": 0.0011546274092261238
    },
    "18": {
      "final_loss": 0.0025478010065853596,
      "initial_loss": 0.002615200122818351,
      "mse": 0.002353054704144597,
      "mae": 0.03518501669168472,
      "delta_x": 0.0011546738899780966
    },
    "19": {
      "final_loss": 0.0025382398162037134,
      "initial_loss": 0.0026050519663840532,
      "mse": 0.0023434851318597794,
      "mae": 0.035154178738594055,
      "delta_x": 0.0011546821595597358
    },
    "20": {
      "final_loss": 0.0025266571901738644,
      "initial_loss": 0.00259301601909101,
      "mse": 0.0023319032043218613,
      "mae": 0.03507436811923981,
      "delta_x": 0.001154302709330953
    },
    "21": {
      "final_loss": 0.0025167923886328936,
      "initial_loss": 0.002582591027021408,
      "mse": 0.0023220470175147057,
      "mae": 0.035047195851802826,
      "delta_x": 0.0011546543091296173
    },
    "22": {
      "final_loss": 0.0025154512841254473,
      "initial_loss": 0.002580910222604871,
      "mse": 0.0023207557387650013,
      "mae": 0.0350249707698822,
      "delta_x": 0.0011547353890507474
    },
    "23": {
      "final_loss": 0.0025076644960790873,
      "initial_loss": 0.002572833327576518,
      "mse": 0.002312962431460619,
      "mae": 0.034948576241731644,
      "delta_x": 0.0011544286541087928
    },
    "25": {
      "final_loss": 0.002505815587937832,
      "initial_loss": 0.002571093151345849,
      "mse": 0.0023111035116016865,
      "mae": 0.03488355129957199,
      "delta_x": 0.0011545336873008784
    },
    "27": {
      "final_loss": 0.002499605994671583,
      "initial_loss": 0.0025636658538132906,
      "mse": 0.00230490998364985,
      "mae": 0.03485375642776489,
      "delta_x": 0.0011544721882282274
    },
    "29": {
      "final_loss": 0.0024977801367640495,
      "initial_loss": 0.002562258392572403,
      "mse": 0.002303041983395815,
      "mae": 0.034797247499227524,
      "delta_x": 0.0011547556352678643
    }
  }
}