{
  "true_theta": 20.0,
  "theta_rise": [
    5.5,
    6.5,
    7.5,
    8.5,
    9.5,
    10.5,
    11.5,
    12.5,
    13.5,
    14.5,
    15.5,
    16.5,
    17.5,
    18.5,
    19.5,
    20.5,
    21.5,
    22.5,
    23.5,
    24.5,
    25.5,
    26.5,
    27.5,
    28.5
  ],
  "rises": [
    -0.00010661710985004902,
    -0.00010661710985004902,
    -6.646942347288132e-05,
    -6.646942347288132e-05,
    -4.31904336437583e-05,
    -4.31904336437583e-05,
    -3.2935990020632744e-05,
    -3.2935990020632744e-05,
    -3.0341208912432194e-05,
    -3.0341208912432194e-05,
    -2.0507141016423702e-05,
    -2.0507141016423702e-05,
    -1.3637589290738106e-05,
    -9.561190381646156e-06,
    -1.1582626029849052e-05,
    -9.864801540970802e-06,
    -1.341104507446289e-06,
    -7.786788046360016e-06,
    -9.244540706276894e-07,
    -9.244540706276894e-07,
    -3.1047966331243515e-06,
    -3.1047966331243515e-06,
    -9.129289537668228e-07,
    -9.129289537668228e-07
  ]
}