{
  "true_theta": 10.0,
  "theta_rise": [
    4.5,
    5.5,
    6.5,
    7.5,
    8.5,
    9.5,
    10.5,
    11.5,
    12.5,
    13.5,
    14.5,
    15.5,
    16.5,
    17.5
  ],
  "rises": [
    -0.0002088799374178052,
    -0.0002088799374178052,
    -0.00018999958410859108,
    -0.00018999958410859108,
    -0.00011698552407324314,
    -0.00011698552407324314,
    -5.7737925089895725e-05,
    -5.7737925089895725e-05,
    -1.6307923942804337e-05,
    -1.6307923942804337e-05,
    -4.076864570379257e-07,
    -4.076864570379257e-07,
    9.516952559351921e-07,
    9.516952559351921e-07
  ]
}