{
  "true_theta": 15.0,
  "theta_slope": [
    6.0,
    8.0,
    10.0,
    12.0,
    13.5,
    14.5,
    15.5,
    16.5,
    18.0,
    20.0,
    22.0,
    24.0
  ],
  "slopes": [
    -0.00012570468243211508,
    -0.00010386831127107143,
    -5.8051664382219315e-05,
    -2.313125878572464e-05,
    -1.4669261872768402e-05,
    4.309928044676781e-06,
    1.3243407011032104e-06,
    3.821449354290962e-06,
    -4.631001502275467e-07,
    -5.34870196133852e-06,
    -6.294576451182365e-07,
    -8.805654942989349e-07
  ]
}