{
  "true_theta": 10.0,
  "theta_slope": [
    5.0,
    7.0,
    9.0,
    11.0,
    13.0,
    15.0,
    17.0
  ],
  "slopes": [
    -0.0002088799374178052,
    -0.00018999958410859108,
    -0.00011698552407324314,
    -5.7737925089895725e-05,
    -1.6307923942804337e-05,
    -4.076864570379257e-07,
    9.516952559351921e-07
  ]
}